model,experiment_date,dataset,seed,split,threshold,train_macro_f1,validation_macro_f1,validation_auc,test_macro_f1,test_auc,training_seconds,status,source_file
anemone,2026-08-26,UAE,1,0,0.7357199900847307,0.4949494949494949,0.4515613507645628,0.4261280987944946,0.4647720796859025,0.4328047919399513,77.8658116810002,ok,artifacts/results/low_data_exps/anemone_refactoring_2026-08-26/results.csv
anemone,2026-08-26,UAE,2,0,0.7138368650817833,0.6,0.3615453431644181,0.4279561924662765,0.3466269172780142,0.4119377057294693,330.39270075199966,ok,artifacts/results/low_data_exps/anemone_refactoring_2026-08-26/results.csv
anemone,2026-08-26,UAE,3,0,0.7728431514488645,0.5238095238095238,0.4402005743645526,0.4103787352617766,0.4282497736949118,0.402413167634875,320.55052925699783,ok,artifacts/results/low_data_exps/anemone_refactoring_2026-08-26/results.csv
anemone,2026-08-26,UAE,4,0,0.757271083843396,0.5833333333333333,0.454123955286746,0.4308685936803197,0.4534534968052475,0.4277178429470225,335.1113328880019,ok,artifacts/results/low_data_exps/anemone_refactoring_2026-08-26/results.csv
anemone,2026-08-26,UAE,5,0,0.7761420636364184,0.4949494949494949,0.448213318257838,0.4159408497428914,0.4567289844879784,0.429920922395464,314.0570656639975,ok,artifacts/results/low_data_exps/anemone_refactoring_2026-08-26/results.csv
anemone,2026-08-26,china,1,0,0.87198345149786,0.4893617021276595,0.4962311780336581,0.742085589945042,0.4936768654225135,0.7194750954627134,264.299562401,ok,artifacts/results/low_data_exps/anemone_refactoring_2026-08-26/results.csv
anemone,2026-08-26,china,2,0,0.5882453221603353,1.0,0.5431774809160306,0.7114516966577895,0.5457542743964561,0.7123149240041928,259.7907813599995,ok,artifacts/results/low_data_exps/anemone_refactoring_2026-08-26/results.csv
anemone,2026-08-26,china,3,0,0.6507875315865828,0.4893617021276595,0.5529960312757115,0.7004967817204638,0.5398119501577165,0.7132031016022762,261.2674729540013,ok,artifacts/results/low_data_exps/anemone_refactoring_2026-08-26/results.csv
anemone,2026-08-26,china,4,0,0.5195990043091512,0.55,0.4559529077725137,0.7339992820842406,0.448504563669834,0.7105568190326446,259.67763436300083,ok,artifacts/results/low_data_exps/anemone_refactoring_2026-08-26/results.csv
anemone,2026-08-26,china,5,0,0.6444813374051063,0.4893617021276595,0.5554939674679601,0.7243793519529118,0.5435524616494759,0.6966351733303383,249.6105181139974,ok,artifacts/results/low_data_exps/anemone_refactoring_2026-08-26/results.csv
anemone,2026-08-26,cuba,1,0,0.8894608271795132,1.0,0.4940905448717949,0.1146558558241138,0.4936480944283285,0.1315762642963694,199.2988330419976,ok,artifacts/results/low_data_exps/anemone_refactoring_2026-08-26/results.csv
anemone,2026-08-26,cuba,2,0,0.8092614676360429,1.0,0.4824529945181618,0.104735395673314,0.4837463328478677,0.1042435444537941,206.11628459799977,ok,artifacts/results/low_data_exps/anemone_refactoring_2026-08-26/results.csv
anemone,2026-08-26,cuba,3,0,0.7981812054140798,1.0,0.4915345421540111,0.0953548904235078,0.491746159510373,0.1226136981721738,196.39548027199635,ok,artifacts/results/low_data_exps/anemone_refactoring_2026-08-26/results.csv
anemone,2026-08-26,cuba,4,0,0.7861670227309635,1.0,0.488506329113924,0.0988469804805863,0.4886868686868686,0.0879339670404059,201.94830372999425,ok,artifacts/results/low_data_exps/anemone_refactoring_2026-08-26/results.csv
anemone,2026-08-26,cuba,5,0,0.7860184830362932,1.0,0.4866520634527741,0.1195674194912268,0.4844898558348063,0.1228158613178324,207.5663287209973,ok,artifacts/results/low_data_exps/anemone_refactoring_2026-08-26/results.csv
anemone,2026-08-26,iran,1,0,0.4696338479169166,0.6590909090909092,0.5792833195402054,0.5529013397546817,0.5868152016613146,0.5610605462473217,616.9463847369989,ok,artifacts/results/low_data_exps/anemone_refactoring_2026-08-26/results.csv
anemone,2026-08-26,iran,2,0,0.4041405289391413,0.784688995215311,0.5200269583186731,0.5444887593507596,0.5228786635806932,0.5544052420394199,601.4553972760041,ok,artifacts/results/low_data_exps/anemone_refactoring_2026-08-26/results.csv
anemone,2026-08-26,iran,3,0,0.410450965162099,0.7321428571428572,0.5443467228801462,0.555510933617557,0.5402957109302056,0.5502190270331103,597.8117552840049,ok,artifacts/results/low_data_exps/anemone_refactoring_2026-08-26/results.csv
anemone,2026-08-26,iran,4,0,0.4527689844277939,0.6590909090909092,0.5697993023045701,0.5423946278227726,0.5634348537741989,0.5451311724390299,606.9960557209997,ok,artifacts/results/low_data_exps/anemone_refactoring_2026-08-26/results.csv
anemone,2026-08-26,iran,5,0,0.4428930142408139,0.784688995215311,0.570614618474157,0.5480551516626861,0.5635374875792456,0.5393228100398559,595.0023114550058,ok,artifacts/results/low_data_exps/anemone_refactoring_2026-08-26/results.csv
anemone,2026-08-26,russia,1,0,0.7516736860768535,1.0,0.6184774575018478,0.704696197046962,0.6372646549500756,0.7186313042903854,29.046105958004773,ok,artifacts/results/low_data_exps/anemone_refactoring_2026-08-26/results.csv
anemone,2026-08-26,russia,2,0,0.6022698795968897,1.0,0.711055544168887,0.7377262273772623,0.6378872231770598,0.7054199557419824,30.43749819799996,ok,artifacts/results/low_data_exps/anemone_refactoring_2026-08-26/results.csv
anemone,2026-08-26,russia,3,0,0.7042888708262042,1.0,0.6914575020380143,0.7321934473219345,0.6755090942050879,0.7066420054827096,30.85383835399989,ok,artifacts/results/low_data_exps/anemone_refactoring_2026-08-26/results.csv
anemone,2026-08-26,russia,4,0,0.4950328753042166,1.0,0.5969119917653114,0.7267606572676066,0.6564731791725658,0.7419823628496878,29.24152840700117,ok,artifacts/results/low_data_exps/anemone_refactoring_2026-08-26/results.csv
anemone,2026-08-26,russia,5,0,0.0451235843062019,1.0,0.2880721770143119,0.7199280071992801,0.286859076396911,0.7158569210952207,29.09593836799468,ok,artifacts/results/low_data_exps/anemone_refactoring_2026-08-26/results.csv
anemone,2026-08-26,venezuela,1,0,0.4150758131212525,0.625,0.2700262005748496,0.3136326069866355,0.2674294268605646,0.3035132374365759,51.44565030300146,ok,artifacts/results/low_data_exps/anemone_refactoring_2026-08-26/results.csv
anemone,2026-08-26,venezuela,2,0,0.3125841473809198,0.4857142857142857,0.2207986191788097,0.3082135633991144,0.2109431374548964,0.2959659728385552,49.55685943600111,ok,artifacts/results/low_data_exps/anemone_refactoring_2026-08-26/results.csv
anemone,2026-08-26,venezuela,3,0,0.4121880800873446,0.7777777777777777,0.2608369481216077,0.3168527888084823,0.2676153191712365,0.3180015740911298,46.81769708399952,ok,artifacts/results/low_data_exps/anemone_refactoring_2026-08-26/results.csv
anemone,2026-08-26,venezuela,4,0,0.6877597479407597,0.4545454545454545,0.4255786826237412,0.3097035484152741,0.42946959304984,0.3062494766984276,49.90849046099902,ok,artifacts/results/low_data_exps/anemone_refactoring_2026-08-26/results.csv
anemone,2026-08-26,venezuela,5,0,0.4464166813991338,0.4857142857142857,0.2779998576941712,0.3044054506238787,0.2828891091196626,0.3107607548939163,50.0979684260019,ok,artifacts/results/low_data_exps/anemone_refactoring_2026-08-26/results.csv
cola,2026-08-26,UAE,1,0,0.8044338226318359,0.8,0.6708428909005278,0.7636466686283877,0.665828874739038,0.7683359663542623,13.129353636002634,ok,artifacts/results/low_data_exps/cola_refactoring_2026-08-26/results.csv
cola,2026-08-26,UAE,2,0,0.8527446389198303,0.696969696969697,0.67669661701237,0.7934370305420901,0.6620450770160073,0.7855500325371805,12.511687161000737,ok,artifacts/results/low_data_exps/cola_refactoring_2026-08-26/results.csv
cola,2026-08-26,UAE,3,0,0.8467299938201904,0.8,0.6551696742251953,0.7536754471552464,0.6706931487269683,0.7684350999875862,12.468667441000434,ok,artifacts/results/low_data_exps/cola_refactoring_2026-08-26/results.csv
cola,2026-08-26,UAE,4,0,0.8477650284767151,0.898989898989899,0.7081232829489301,0.8102199708759878,0.7090572984246027,0.8094186044672798,12.859518891000334,ok,artifacts/results/low_data_exps/cola_refactoring_2026-08-26/results.csv
cola,2026-08-26,UAE,5,0,0.7945733070373535,0.8901098901098901,0.6123164263121889,0.7360338567633907,0.6062162117993574,0.740123008728504,12.489612456000032,ok,artifacts/results/low_data_exps/cola_refactoring_2026-08-26/results.csv
cola,2026-08-26,china,1,0,0.9215409755706788,0.4893617021276595,0.5239937417973368,0.6529383887704248,0.5181633457769129,0.6220018156633723,14.173537112001211,ok,artifacts/results/low_data_exps/cola_refactoring_2026-08-26/results.csv
cola,2026-08-26,china,2,0,0.8569981455802917,0.5213675213675213,0.4361501049836158,0.6217339710732136,0.431743129770844,0.614994080375861,15.34025537100024,ok,artifacts/results/low_data_exps/cola_refactoring_2026-08-26/results.csv
cola,2026-08-26,china,3,0,0.8604252934455872,0.4947368421052631,0.4808467780269202,0.6372476745899899,0.4753154732707657,0.6342394101901767,14.563428262001253,ok,artifacts/results/low_data_exps/cola_refactoring_2026-08-26/results.csv
cola,2026-08-26,china,4,0,0.7615986466407776,0.8222222222222222,0.4992211080508266,0.7071820490030398,0.4941522490327955,0.6711128191449536,14.33504956899924,ok,artifacts/results/low_data_exps/cola_refactoring_2026-08-26/results.csv
cola,2026-08-26,china,5,0,0.898327648639679,0.4893617021276595,0.5158510908497415,0.6205601294411047,0.4991128433882637,0.5717857376834381,14.666540353999151,ok,artifacts/results/low_data_exps/cola_refactoring_2026-08-26/results.csv
cola,2026-08-26,cuba,1,0,0.9474511742591858,1.0,0.4940652075925276,0.4788411228947925,0.4940529735132434,0.4402870454118811,35.2471115499975,ok,artifacts/results/low_data_exps/cola_refactoring_2026-08-26/results.csv
cola,2026-08-26,cuba,2,0,0.9297736287117004,1.0,0.4976558884640327,0.4882227291945599,0.494234588181911,0.4916546440856559,34.04947250500118,ok,artifacts/results/low_data_exps/cola_refactoring_2026-08-26/results.csv
cola,2026-08-26,cuba,3,0,0.907203733921051,1.0,0.4682920914086752,0.3741151962511451,0.4738329055976789,0.4103658058980003,33.900291474998085,ok,artifacts/results/low_data_exps/cola_refactoring_2026-08-26/results.csv
cola,2026-08-26,cuba,4,0,0.9345970749855042,1.0,0.4845963153294023,0.2984699809738566,0.4874363686004994,0.337846122340209,35.23777327599964,ok,artifacts/results/low_data_exps/cola_refactoring_2026-08-26/results.csv
cola,2026-08-26,cuba,5,0,0.9468194842338562,1.0,0.4993960024852176,0.4397690437601296,0.5001381708282636,0.4627074633644936,34.085164449999866,ok,artifacts/results/low_data_exps/cola_refactoring_2026-08-26/results.csv
cola,2026-08-26,iran,1,0,0.8070178627967834,0.8500000000000001,0.667893749775152,0.7611029893920553,0.6703970121630208,0.7680683103611399,12.351606522999646,ok,artifacts/results/low_data_exps/cola_refactoring_2026-08-26/results.csv
cola,2026-08-26,iran,2,0,0.8769766092300415,0.8611111111111112,0.6198105726213098,0.754405619557041,0.6220163912389819,0.7585366544147136,13.146366772001784,ok,artifacts/results/low_data_exps/cola_refactoring_2026-08-26/results.csv
cola,2026-08-26,iran,3,0,0.8348180055618286,0.784688995215311,0.6781862273052226,0.7721252075205217,0.6661357032638036,0.7698777932783943,12.861193221000576,ok,artifacts/results/low_data_exps/cola_refactoring_2026-08-26/results.csv
cola,2026-08-26,iran,4,0,0.7602178454399109,0.7321428571428572,0.5416374476531745,0.7621726000539498,0.5367613353546243,0.7619201401940775,13.357055868000316,ok,artifacts/results/low_data_exps/cola_refactoring_2026-08-26/results.csv
cola,2026-08-26,iran,5,0,0.7699078917503357,0.7963800904977376,0.677438321811167,0.7754179030174635,0.673687165869602,0.7715597499839665,13.192625504001626,ok,artifacts/results/low_data_exps/cola_refactoring_2026-08-26/results.csv
cola,2026-08-26,russia,1,0,0.9121200442314148,1.0,0.6948845409799935,0.730360297303603,0.603688984812405,0.6244343891402714,0.3980866630008677,ok,artifacts/results/low_data_exps/cola_refactoring_2026-08-26/results.csv
cola,2026-08-26,russia,2,0,0.7871218323707581,1.0,0.640575066543176,0.6772656067726561,0.6207964422882555,0.6565709944842619,0.4280860539984132,ok,artifacts/results/low_data_exps/cola_refactoring_2026-08-26/results.csv
cola,2026-08-26,russia,3,0,0.8284098505973816,1.0,0.6165750240916048,0.6871646168716461,0.6138837140896166,0.6530369587475641,0.4186650919982639,ok,artifacts/results/low_data_exps/cola_refactoring_2026-08-26/results.csv
cola,2026-08-26,russia,4,0,0.8479334712028503,1.0,0.5805040847153353,0.6587674565876747,0.601561275355049,0.6861974436040559,0.4170717590022832,ok,artifacts/results/low_data_exps/cola_refactoring_2026-08-26/results.csv
cola,2026-08-26,russia,5,0,0.3886958658695221,1.0,0.3014830025096965,0.6684664866846648,0.3050043140638481,0.6844799682927635,0.4178776320004544,ok,artifacts/results/low_data_exps/cola_refactoring_2026-08-26/results.csv
cola,2026-08-26,venezuela,1,0,0.7468895316123962,0.625,0.3529652191000196,0.7097620055500683,0.3374640155709141,0.7026206942746621,3.39281924199895,ok,artifacts/results/low_data_exps/cola_refactoring_2026-08-26/results.csv
cola,2026-08-26,venezuela,2,0,0.8390825986862183,0.7777777777777777,0.4124126347942638,0.5571418492612228,0.3974833232261976,0.5120133295376526,3.396965961001115,ok,artifacts/results/low_data_exps/cola_refactoring_2026-08-26/results.csv
cola,2026-08-26,venezuela,3,0,0.919593870639801,0.7777777777777777,0.465119754859976,0.590773179597788,0.4913842000062789,0.6267469899693554,3.3135364100016886,ok,artifacts/results/low_data_exps/cola_refactoring_2026-08-26/results.csv
cola,2026-08-26,venezuela,4,0,0.9038543701171876,0.4545454545454545,0.496024176967475,0.5884516922332641,0.5053530439549145,0.5876592929986436,3.302212169000996,ok,artifacts/results/low_data_exps/cola_refactoring_2026-08-26/results.csv
cola,2026-08-26,venezuela,5,0,0.8794228434562683,0.7777777777777777,0.5041488093599309,0.6904946683061541,0.5032080226054533,0.6939782641458879,3.349382524000248,ok,artifacts/results/low_data_exps/cola_refactoring_2026-08-26/results.csv
dominant,2026-08-27,UAE,1,0,0.4102484445815498,1.0,0.7578905040949868,0.9349921789280188,0.7539392112391157,0.9250144499872304,0.0,ok,artifacts/results/low_data_exps/dominant_checkpoint_0_1_percent.csv
dominant,2026-08-27,UAE,2,0,0.1726508653860505,1.0,0.663596412955374,0.9356384746705678,0.6546791423508387,0.924493578354512,0.0,ok,artifacts/results/low_data_exps/dominant_checkpoint_0_1_percent.csv
dominant,2026-08-27,UAE,3,0,0.2623956199875137,1.0,0.8374761281481705,0.9315585714699842,0.8328341586471083,0.9285437259381026,0.0,ok,artifacts/results/low_data_exps/dominant_checkpoint_0_1_percent.csv
dominant,2026-08-27,UAE,4,0,0.2655976164210219,1.0,0.8420382626395267,0.9278126373750742,0.839111144141106,0.9324414666796342,0.0,ok,artifacts/results/low_data_exps/dominant_checkpoint_0_1_percent.csv
dominant,2026-08-27,UAE,5,0,0.3708487777499955,0.898989898989899,0.831596052734157,0.9332631640812852,0.8193146726772647,0.9270678900330274,0.0,ok,artifacts/results/low_data_exps/dominant_checkpoint_0_1_percent.csv
dominant,2026-08-27,china,1,0,0.3395329565535637,1.0,0.594558466880464,0.7380706448853439,0.5823133910393723,0.6757467383572926,0.0,ok,artifacts/results/low_data_exps/dominant_checkpoint_0_1_percent.csv
dominant,2026-08-27,china,2,0,0.2372270266843387,0.4893617021276595,0.553133817744107,0.7148325298114873,0.5418704368496775,0.7013907607067984,0.0,ok,artifacts/results/low_data_exps/dominant_checkpoint_0_1_percent.csv
dominant,2026-08-27,china,3,0,0.2978896389045896,1.0,0.5709836628926925,0.6868988131352726,0.5804491013841575,0.7267791629230308,0.0,ok,artifacts/results/low_data_exps/dominant_checkpoint_0_1_percent.csv
dominant,2026-08-27,china,4,0,0.2557092454378281,1.0,0.5551515822745784,0.7274113354055884,0.5607847592216024,0.6866588518268942,0.0,ok,artifacts/results/low_data_exps/dominant_checkpoint_0_1_percent.csv
dominant,2026-08-27,china,5,0,0.1334690655292644,0.55,0.3978959822763308,0.7131613892962851,0.3947870120108014,0.7017173929320155,0.0,ok,artifacts/results/low_data_exps/dominant_checkpoint_0_1_percent.csv
dominant,2026-08-27,cuba,1,0,0.3040761385449214,1.0,0.6047356517049085,0.9759790536255374,0.6030112124270237,0.9706767170630508,0.0,ok,artifacts/results/low_data_exps/dominant_checkpoint_0_1_percent.csv
dominant,2026-08-27,cuba,2,0,0.3380190603869709,1.0,0.6622924003166687,0.9790685998167852,0.6685414844591345,0.96749067839738,0.0,ok,artifacts/results/low_data_exps/dominant_checkpoint_0_1_percent.csv
dominant,2026-08-27,cuba,3,0,0.4378089201207042,1.0,0.8289018739641176,0.9822955570431964,0.7799728517206905,0.9642901995070196,0.0,ok,artifacts/results/low_data_exps/dominant_checkpoint_0_1_percent.csv
dominant,2026-08-27,cuba,4,0,0.4123088297936437,1.0,0.7792477263318158,0.9692846698611798,0.7749391997937016,0.9772443938015556,0.0,ok,artifacts/results/low_data_exps/dominant_checkpoint_0_1_percent.csv
dominant,2026-08-27,cuba,5,0,0.3559812799560024,1.0,0.7055578624939388,0.970787382848284,0.6917662526994093,0.9757574882410628,0.0,ok,artifacts/results/low_data_exps/dominant_checkpoint_0_1_percent.csv
dominant,2026-08-27,iran,1,0,0.1695349883190134,0.5833333333333334,0.634692235960735,0.527640878198338,0.6444856252136172,0.5376028008058923,0.0,ok,artifacts/results/low_data_exps/dominant_checkpoint_0_1_percent.csv
dominant,2026-08-27,iran,2,0,0.1390581424765626,0.8500000000000001,0.5904218707618939,0.5276513172755763,0.5939483808570095,0.536552358793664,0.0,ok,artifacts/results/low_data_exps/dominant_checkpoint_0_1_percent.csv
dominant,2026-08-27,iran,3,0,0.3575864604905795,0.8295454545454546,0.5806877600018101,0.533371712293768,0.5798363100043753,0.5308674159039123,0.0,ok,artifacts/results/low_data_exps/dominant_checkpoint_0_1_percent.csv
dominant,2026-08-27,iran,4,0,0.1598693453246788,0.6590909090909092,0.6279377262502721,0.5300409887297441,0.6339696487426659,0.5350824652026884,0.0,ok,artifacts/results/low_data_exps/dominant_checkpoint_0_1_percent.csv
dominant,2026-08-27,iran,5,0,0.19824761360801,0.7204968944099379,0.6350751747955737,0.5331561321902982,0.6436639364309258,0.5316858729267488,0.0,ok,artifacts/results/low_data_exps/dominant_checkpoint_0_1_percent.csv
dominant,2026-08-27,russia,1,0,0.2112494571674694,1.0,0.7154817012858556,0.8603806286038063,0.72612484719429,0.8525283218284506,0.0,ok,artifacts/results/low_data_exps/dominant_checkpoint_0_1_percent.csv
dominant,2026-08-27,russia,2,0,0.2381822549705582,1.0,0.7460688000518756,0.8352831383528313,0.7895728491485164,0.8750866994748489,0.0,ok,artifacts/results/low_data_exps/dominant_checkpoint_0_1_percent.csv
dominant,2026-08-27,russia,3,0,0.4096419438728212,0.3333333333333333,0.7499591090585462,0.8573475985734761,0.7816151283374784,0.8576807477623278,0.0,ok,artifacts/results/low_data_exps/dominant_checkpoint_0_1_percent.csv
dominant,2026-08-27,russia,4,0,0.1470486715264262,1.0,0.4440082731839094,0.828350498283505,0.4486287758346581,0.8820226574627605,0.0,ok,artifacts/results/low_data_exps/dominant_checkpoint_0_1_percent.csv
dominant,2026-08-27,russia,5,0,0.1167444205781841,1.0,0.3827238335435056,0.8766456687664567,0.3499644746190889,0.8353865970868977,0.0,ok,artifacts/results/low_data_exps/dominant_checkpoint_0_1_percent.csv
dominant,2026-08-27,venezuela,1,0,0.136607234270176,1.0,0.5646157983622013,0.9385712941872106,0.5545084121149562,0.9360734799135924,0.0,ok,artifacts/results/low_data_exps/dominant_checkpoint_0_1_percent.csv
dominant,2026-08-27,venezuela,2,0,0.2606202568531056,1.0,0.8621330218128196,0.9303100243907356,0.8566134936754184,0.943816668620326,0.0,ok,artifacts/results/low_data_exps/dominant_checkpoint_0_1_percent.csv
dominant,2026-08-27,venezuela,3,0,0.1902664128708749,1.0,0.7069743796341592,0.9299001525260872,0.7123673707738682,0.9443542039955122,0.0,ok,artifacts/results/low_data_exps/dominant_checkpoint_0_1_percent.csv
dominant,2026-08-27,venezuela,4,0,0.2943714101719659,1.0,0.8659538107820597,0.9388249443985296,0.8436648041646122,0.9355258971482158,0.0,ok,artifacts/results/low_data_exps/dominant_checkpoint_0_1_percent.csv
dominant,2026-08-27,venezuela,5,0,0.1984143720947294,1.0,0.7364742263096342,0.9488802435042027,0.7295670834110841,0.9254600867424686,0.0,ok,artifacts/results/low_data_exps/dominant_checkpoint_0_1_percent.csv
gadnr,2026-08-26,UAE,1,0,0.0749314427375793,0.898989898989899,0.730514938780903,0.838509556639135,0.722956064824223,0.8273470653677096,109.02184989200032,ok,artifacts/results/low_data_exps/gadnr_refactoring_2026-08-26/results.csv
gadnr,2026-08-26,UAE,2,0,0.0680187717080116,0.8,0.7599395326345699,0.8359387688890106,0.7500513318361568,0.8374960563988338,106.12181331399916,ok,artifacts/results/low_data_exps/gadnr_refactoring_2026-08-26/results.csv
gadnr,2026-08-26,UAE,3,0,0.0787522792816162,0.8901098901098901,0.7869774636412679,0.8348618078728551,0.7938736671269828,0.8388790842463908,102.7206866000015,ok,artifacts/results/low_data_exps/gadnr_refactoring_2026-08-26/results.csv
gadnr,2026-08-26,UAE,4,0,0.0507280081510543,1.0,0.7195663595594168,0.8377346966897348,0.7155127992573611,0.837983718758574,102.79083339800128,ok,artifacts/results/low_data_exps/gadnr_refactoring_2026-08-26/results.csv
gadnr,2026-08-26,UAE,5,0,0.0831721052527427,0.8901098901098901,0.795998960316514,0.8418136071165203,0.7933532583687382,0.841098867168443,102.80201581399888,ok,artifacts/results/low_data_exps/gadnr_refactoring_2026-08-26/results.csv
gadnr,2026-08-26,china,1,0,0.2836177349090576,0.4893617021276595,0.4876746045235083,0.4756591531555971,0.4944591458303254,0.5050372959718479,43.26650038600201,ok,artifacts/results/low_data_exps/gadnr_refactoring_2026-08-26/results.csv
gadnr,2026-08-26,china,2,0,0.2454481720924377,0.8222222222222222,0.4722218046431452,0.5826296591357601,0.4754286847061156,0.5873535302485774,42.96136212800048,ok,artifacts/results/low_data_exps/gadnr_refactoring_2026-08-26/results.csv
gadnr,2026-08-26,china,3,0,0.3065940141677856,0.8222222222222222,0.4919467504919599,0.48962560011434,0.5022126763266979,0.4950815644654088,42.41883124599917,ok,artifacts/results/low_data_exps/gadnr_refactoring_2026-08-26/results.csv
gadnr,2026-08-26,china,4,0,0.2929779291152954,0.4893617021276595,0.4792470281302646,0.4652483168119463,0.4787441399225353,0.4601219723345313,42.45857446299851,ok,artifacts/results/low_data_exps/gadnr_refactoring_2026-08-26/results.csv
gadnr,2026-08-26,china,5,0,0.2086499333381652,0.4893617021276595,0.4952317260211923,0.542977742495794,0.498827629460734,0.5625518259583708,42.94326581000132,ok,artifacts/results/low_data_exps/gadnr_refactoring_2026-08-26/results.csv
gadnr,2026-08-26,cuba,1,0,0.2121341079473495,1.0,0.5355663708841294,0.5415238971883588,0.531952219112355,0.5601231882440818,408.39055539499896,ok,artifacts/results/low_data_exps/gadnr_refactoring_2026-08-26/results.csv
gadnr,2026-08-26,cuba,2,0,0.1904681324958801,1.0,0.516031330680529,0.479466959692763,0.5219752040373917,0.4733621612728051,407.8715033629997,ok,artifacts/results/low_data_exps/gadnr_refactoring_2026-08-26/results.csv
gadnr,2026-08-26,cuba,3,0,0.1174181401729583,1.0,0.4941719209109395,0.4477318370798393,0.5014617043717711,0.4443379660199634,408.77460982200137,ok,artifacts/results/low_data_exps/gadnr_refactoring_2026-08-26/results.csv
gadnr,2026-08-26,cuba,4,0,0.1267224550247192,1.0,0.4737440352570775,0.3898698999365795,0.4800482574505918,0.4284675027119179,409.6232186920024,ok,artifacts/results/low_data_exps/gadnr_refactoring_2026-08-26/results.csv
gadnr,2026-08-26,cuba,5,0,0.1479498594999313,1.0,0.4872397934043915,0.3628527764075823,0.482291310325648,0.3544679149146955,412.9155621099999,ok,artifacts/results/low_data_exps/gadnr_refactoring_2026-08-26/results.csv
gadnr,2026-08-26,iran,1,0,0.3088606894016266,0.7222222222222222,0.5864318140685328,0.6454892878838718,0.5851285055046049,0.6347308091618955,35.64819957900181,ok,artifacts/results/low_data_exps/gadnr_refactoring_2026-08-26/results.csv
gadnr,2026-08-26,iran,2,0,0.118927352130413,0.660633484162896,0.4442070489273444,0.4765691841071628,0.4435900760517707,0.4794032716961012,33.77369694300069,ok,artifacts/results/low_data_exps/gadnr_refactoring_2026-08-26/results.csv
gadnr,2026-08-26,iran,3,0,0.2207154780626297,0.5982142857142857,0.6383432925427864,0.730214154599225,0.6295788833657565,0.7229303662322124,35.890282521999325,ok,artifacts/results/low_data_exps/gadnr_refactoring_2026-08-26/results.csv
gadnr,2026-08-26,iran,4,0,0.2182472050189972,0.8500000000000001,0.6069018317125585,0.6304211816772265,0.5889799856314467,0.6093299382264603,33.37751591500273,ok,artifacts/results/low_data_exps/gadnr_refactoring_2026-08-26/results.csv
gadnr,2026-08-26,iran,5,0,0.3705053925514221,0.7204968944099379,0.5749626397563347,0.6683468756236581,0.5645243654394527,0.6798507100138702,34.114905952999834,ok,artifacts/results/low_data_exps/gadnr_refactoring_2026-08-26/results.csv
gadnr,2026-08-26,russia,1,0,0.1744951754808426,1.0,0.482345503398135,0.5989401059894011,0.4580328994599993,0.5696403210357697,1.4541291140012618,ok,artifacts/results/low_data_exps/gadnr_refactoring_2026-08-26/results.csv
gadnr,2026-08-26,russia,2,0,0.0426080487668514,1.0,0.6344998288856878,0.9076425690764256,0.6079849376472164,0.8940780130131784,1.4744529929994314,ok,artifacts/results/low_data_exps/gadnr_refactoring_2026-08-26/results.csv
gadnr,2026-08-26,russia,3,0,0.0225341692566871,1.0,0.3688614686380881,0.7674899176748992,0.3544467787114845,0.7968424876969317,1.449705963001179,ok,artifacts/results/low_data_exps/gadnr_refactoring_2026-08-26/results.csv
gadnr,2026-08-26,russia,4,0,0.027123425155878,1.0,0.2865600294171723,0.8597473585974735,0.2872444888876877,0.8735013376490406,1.4396307620008884,ok,artifacts/results/low_data_exps/gadnr_refactoring_2026-08-26/results.csv
gadnr,2026-08-26,russia,5,0,0.1103375181555748,1.0,0.7801958127190063,0.8859114088591141,0.7656170158405723,0.8701654721405687,1.4719964870018885,ok,artifacts/results/low_data_exps/gadnr_refactoring_2026-08-26/results.csv
gadnr,2026-08-26,venezuela,1,0,0.0175820421427488,0.4857142857142857,0.3065135880511914,0.8029356232404068,0.313783373505145,0.8121230135472312,4.108850167998753,ok,artifacts/results/low_data_exps/gadnr_refactoring_2026-08-26/results.csv
gadnr,2026-08-26,venezuela,2,0,0.0640836283564567,0.4857142857142857,0.1376759312551938,0.3211883596390439,0.1428755144032922,0.3337391362593566,7.203511387000617,ok,artifacts/results/low_data_exps/gadnr_refactoring_2026-08-26/results.csv
gadnr,2026-08-26,venezuela,3,0,0.0817312374711036,1.0,0.6559675198874299,0.9715391024478086,0.6499650365104964,0.9825367985665724,4.019563147998269,ok,artifacts/results/low_data_exps/gadnr_refactoring_2026-08-26/results.csv
gadnr,2026-08-26,venezuela,4,0,0.0811736360192298,1.0,0.6995333819759431,0.826713230798175,0.6770765023193969,0.8206498986888155,3.7596030739987327,ok,artifacts/results/low_data_exps/gadnr_refactoring_2026-08-26/results.csv
gadnr,2026-08-26,venezuela,5,0,0.0896910354495048,1.0,0.5044395668715247,0.978257473442319,0.507379628097782,0.9670571194132324,4.030989687998954,ok,artifacts/results/low_data_exps/gadnr_refactoring_2026-08-26/results.csv
gradate,2026-08-26,UAE,1,0,0.4552698349638154,0.4949494949494949,0.4306880539006108,0.4251271842512718,0.4331104082667374,0.44402774713827,1251.1842061900024,ok,artifacts/results/low_data_exps/gradate_refactoring_2026-08-26/results.csv
gradate,2026-08-26,UAE,2,0,0.4527041347504149,0.5238095238095238,0.4685071825149646,0.4267676436752168,0.4604716723193733,0.4064737919533931,494.4852767179982,ok,artifacts/results/low_data_exps/gradate_refactoring_2026-08-26/results.csv
gradate,2026-08-26,UAE,3,0,0.4957942289827842,0.4505494505494505,0.4843751591236849,0.3980999103723815,0.4888033392712709,0.4057888506982249,523.8671514200032,ok,artifacts/results/low_data_exps/gradate_refactoring_2026-08-26/results.csv
gradate,2026-08-26,UAE,4,0,0.5944364027145258,0.375,0.482728831434228,0.4210671365266498,0.486946564585633,0.4130662279879845,493.71796959600033,ok,artifacts/results/low_data_exps/gradate_refactoring_2026-08-26/results.csv
gradate,2026-08-26,UAE,5,0,0.5224599694292628,0.6000000000000001,0.5142193672569012,0.4548184673399261,0.5062360724927086,0.4525599605284069,490.1372351900063,ok,artifacts/results/low_data_exps/gradate_refactoring_2026-08-26/results.csv
gradate,2026-08-26,china,1,0,0.542706796156628,0.4893617021276595,0.5381577586062888,0.675931321743092,0.5396919405559744,0.6442670896975142,1449.9329667750062,ok,artifacts/results/low_data_exps/gradate_refactoring_2026-08-26/results.csv
gradate,2026-08-26,china,2,0,0.5054449339855092,0.7272727272727273,0.517787612529954,0.6489873838176522,0.531062850806435,0.6686273959269242,1448.8475335019975,ok,artifacts/results/low_data_exps/gradate_refactoring_2026-08-26/results.csv
gradate,2026-08-26,china,3,0,0.449526331968632,0.55,0.4688235018130539,0.6706593188827126,0.4705489750125929,0.6827851246630727,1450.9162178870029,ok,artifacts/results/low_data_exps/gradate_refactoring_2026-08-26/results.csv
gradate,2026-08-26,china,4,0,0.6292720773305129,0.4893617021276595,0.5221207919792465,0.6813801001932074,0.5093413432229222,0.6421666760257562,1450.792741019999,ok,artifacts/results/low_data_exps/gradate_refactoring_2026-08-26/results.csv
gradate,2026-08-26,china,5,0,0.4867715168074348,0.4893617021276595,0.5318288669487541,0.6823004145998771,0.5350749067824987,0.6633832640760706,1450.685585307001,ok,artifacts/results/low_data_exps/gradate_refactoring_2026-08-26/results.csv
gradate,2026-08-26,cuba,1,0,0.6409355633744617,1.0,0.5107349006979757,0.4334732400817419,0.5084019181609423,0.4936767131248077,77.86535923300107,ok,artifacts/results/low_data_exps/gradate_refactoring_2026-08-26/results.csv
gradate,2026-08-26,cuba,2,0,0.673114502759287,1.0,0.4994626180194558,0.4746538298921852,0.5056758832202366,0.4339388163304063,77.57975540000189,ok,artifacts/results/low_data_exps/gradate_refactoring_2026-08-26/results.csv
gradate,2026-08-26,cuba,3,0,0.6633239319229185,1.0,0.5006408179316497,0.4392960326967796,0.5029464847558657,0.4360536528736265,77.44010126600188,ok,artifacts/results/low_data_exps/gradate_refactoring_2026-08-26/results.csv
gradate,2026-08-26,cuba,4,0,0.6790639193695533,1.0,0.4956327112492046,0.4249326157423719,0.5025052094176518,0.3912622637984004,76.74553891299729,ok,artifacts/results/low_data_exps/gradate_refactoring_2026-08-26/results.csv
gradate,2026-08-26,cuba,5,0,0.6368267855421609,1.0,0.4946803597436663,0.4149795645127193,0.504442217930849,0.4470098451701605,77.44917769099993,ok,artifacts/results/low_data_exps/gradate_refactoring_2026-08-26/results.csv
gradate,2026-08-26,iran,1,0,0.3150061467337359,0.6590909090909092,0.5295547213492608,0.514997576642784,0.536475942270733,0.5299617133022029,1293.895713124999,ok,artifacts/results/low_data_exps/gradate_refactoring_2026-08-26/results.csv
gradate,2026-08-26,iran,2,0,0.3214329129668671,0.7,0.483646916773617,0.4866563591744357,0.5003388594340614,0.5029960577405832,1292.980135331003,ok,artifacts/results/low_data_exps/gradate_refactoring_2026-08-26/results.csv
gradate,2026-08-26,iran,3,0,0.3213262397451629,0.6031746031746031,0.5002603377345538,0.5122073604266864,0.4941200221568466,0.5030262026827076,1293.2693284760026,ok,artifacts/results/low_data_exps/gradate_refactoring_2026-08-26/results.csv
gradate,2026-08-26,iran,4,0,0.314511460434746,0.6031746031746031,0.4838994293642271,0.4697132104767982,0.4763623926303794,0.4652899777416737,1293.855910569,ok,artifacts/results/low_data_exps/gradate_refactoring_2026-08-26/results.csv
gradate,2026-08-26,iran,5,0,0.5241367886237187,0.7204968944099379,0.4490061554070734,0.5096618923239886,0.4508391383681417,0.5079001592526711,1292.7791058020011,ok,artifacts/results/low_data_exps/gradate_refactoring_2026-08-26/results.csv
gradate,2026-08-26,russia,1,0,0.3878080398407024,1.0,0.5877490715968534,0.59014098590141,0.5767559484196269,0.5803415133599762,66.06743506500061,ok,artifacts/results/low_data_exps/gradate_refactoring_2026-08-26/results.csv
gradate,2026-08-26,russia,2,0,0.6475050199033169,0.3333333333333333,0.4299998967016848,0.5588107855881079,0.4566945964432284,0.5859563364930475,64.4758685880006,ok,artifacts/results/low_data_exps/gradate_refactoring_2026-08-26/results.csv
gradate,2026-08-26,russia,3,0,0.4616150947126837,1.0,0.5853283048376192,0.5795420457954205,0.6025591473894558,0.6000594510684679,61.99520192800264,ok,artifacts/results/low_data_exps/gradate_refactoring_2026-08-26/results.csv
gradate,2026-08-26,russia,4,0,0.172481368503897,1.0,0.5150017425466528,0.5451121554511216,0.5213150857322637,0.5868811308914357,64.85583022100036,ok,artifacts/results/low_data_exps/gradate_refactoring_2026-08-26/results.csv
gradate,2026-08-26,russia,5,0,0.0741679382358428,1.0,0.3977528089887641,0.5621104556211046,0.3937922808071203,0.5439442481091258,63.33891726999718,ok,artifacts/results/low_data_exps/gradate_refactoring_2026-08-26/results.csv
gradate,2026-08-26,venezuela,1,0,0.260423281417441,0.625,0.2788790077936342,0.3840952918489252,0.2680625125225405,0.3876333372406517,295.96109077899746,ok,artifacts/results/low_data_exps/gradate_refactoring_2026-08-26/results.csv
gradate,2026-08-26,venezuela,2,0,0.128664605629705,0.4857142857142857,0.2164750196705245,0.4377431514442944,0.2089263528459226,0.4228293450776161,297.3347149420006,ok,artifacts/results/low_data_exps/gradate_refactoring_2026-08-26/results.csv
gradate,2026-08-26,venezuela,3,0,0.3624599963545646,0.7777777777777777,0.3240367607849445,0.4027797375476224,0.3245494908229183,0.3992380729105614,295.8116069690004,ok,artifacts/results/low_data_exps/gradate_refactoring_2026-08-26/results.csv
gradate,2026-08-26,venezuela,4,0,0.5790425131940122,1.0,0.4570857116407337,0.4330061077627044,0.4571182266009852,0.4433695597568531,296.4053851070057,ok,artifacts/results/low_data_exps/gradate_refactoring_2026-08-26/results.csv
gradate,2026-08-26,venezuela,5,0,0.694890652752781,0.4545454545454545,0.4565781287784996,0.3877085475081806,0.4676524262239201,0.3870053753537519,296.65789899199444,ok,artifacts/results/low_data_exps/gradate_refactoring_2026-08-26/results.csv
